<?xml version="1.0" encoding="UTF-8"?>
<mappings xmlns="http://dozer.sourceforge.net" xmlns:xsi="http://www.w3.org/2001/XMLSchema-instance"
	xsi:schemaLocation="http://dozer.sourceforge.net
          http://dozer.sourceforge.net/schema/beanmapping.xsd">

	<configuration>
		<stop-on-errors>true</stop-on-errors>
		<date-format>MM/dd/yyyy HH:mm</date-format>
		<wildcard>true</wildcard>
	</configuration>

	<mapping>
		<class-a>com.citi.cards.acquisition.model.vo.AddressVO</class-a>
		<class-b>com.citi.cards.acquisition.model.entities.common.mx.application.v3_2_mx_10.Address
		</class-b>
	</mapping>

	<mapping>
		<class-a>com.citi.cards.acquisition.model.vo.ApplicantVO</class-a>
		<class-b>com.citi.cards.acquisition.model.entities.common.mx.application.v3_2_mx_10.Applicant
		</class-b>

		<field>
			<a>address</a>
			<b is-accessible="true">address</b>
			<a-hint>com.citi.cards.acquisition.model.vo.AddressVO</a-hint>
			<b-hint>com.citi.cards.acquisition.model.entities.common.mx.application.v3_2_mx_10.Address</b-hint>
		</field>

		<field>
			<a>phone</a>
			<b is-accessible="true">phone</b>
			<a-hint>com.citi.cards.acquisition.model.vo.PhoneVO</a-hint>
			<b-hint>com.citi.cards.acquisition.model.shared.datatypes.v3_1_0_0.Phone</b-hint>
		</field>

		<field>
			<a>product</a>
			<b is-accessible="true">product</b>
			<a-hint>com.citi.cards.acquisition.model.vo.ProductVO</a-hint>
			<b-hint>com.citi.cards.acquisition.model.entities.common.mx.application.v3_2_mx_10.Product</b-hint>
		</field>

		<field>
			<a>counterOffersProductDetails</a>
			<b is-accessible="true">counterOffersProductDetails</b>
			<a-hint>com.citi.cards.acquisition.model.vo.CounterOffersProductDetailsVO</a-hint>
			<b-hint>com.citi.cards.acquisition.model.entities.common.mx.application.v3_2_mx_10.CounterOffersProductDetails</b-hint>
		</field>
	</mapping>

	<mapping>
		<class-a>com.citi.cards.acquisition.model.vo.ApplicationVO</class-a>
		<class-b>com.citi.cards.acquisition.model.entities.common.mx.application.v3_2_mx_10.Application
		</class-b>

		<field>
			<a>offer</a>
			<b is-accessible="true">offer</b>
			<a-hint>com.citi.cards.acquisition.model.vo.OfferVO</a-hint>
			<b-hint>com.citi.cards.acquisition.model.entities.common.mx.application.v3_2_mx_10.Offer</b-hint>
		</field>
	</mapping>

	<mapping>
		<class-a>com.citi.cards.acquisition.model.vo.BasicDataVO</class-a>
		<class-b>com.citi.cards.acquisition.model.entities.common.mx.application.v3_2_mx_10.BasicData
		</class-b>

		<field>
			<a>creditsAndLiabilitiesReferenceDetails</a>
			<b is-accessible="true">creditsAndLiabilitiesReferenceDetails</b>
			<a-hint>com.citi.cards.acquisition.model.vo.CreditsAndLiabilitiesReferenceDetailsVO</a-hint>
			<b-hint>com.citi.cards.acquisition.model.entities.common.mx.application.v3_2_mx_10.CreditsAndLiabilitiesReferenceDetails</b-hint>
		</field>

		<field>
			<a>accountNo</a>
			<b is-accessible="true">accountNo</b>
			<a-hint>java.lang.String</a-hint>
			<b-hint>java.lang.String</b-hint>
		</field>

		<field>
			<a>banamexCreditCardNo</a>
			<b is-accessible="true">banamexCreditCardNo</b>
			<a-hint>java.lang.String</a-hint>
			<b-hint>java.lang.String</b-hint>
		</field>

		<field>
			<a>personalReferences</a>
			<b is-accessible="true">personalReferences</b>
			<a-hint>com.citi.cards.acquisition.model.vo.PersonalReferenceVO</a-hint>
			<b-hint>com.citi.cards.acquisition.model.entities.common.mx.application.v3_2_mx_10.PersonalReference</b-hint>
		</field>

		<field>
			<a>customerIDDetails</a>
			<b is-accessible="true">customerIDDetails</b>
			<a-hint>com.citi.cards.acquisition.model.vo.CustomerIDDetailsVO</a-hint>
			<b-hint>com.citi.cards.acquisition.model.entities.common.mx.application.v3_2_mx_10.CustomerIDDetails</b-hint>
		</field>

	</mapping>

	<mapping>
		<class-a>com.citi.cards.acquisition.model.vo.CounterOffersProductDetailsVO
		</class-a>
		<class-b>com.citi.cards.acquisition.model.entities.common.mx.application.v3_2_mx_10.CounterOffersProductDetails
		</class-b>
	</mapping>

	<mapping>
		<class-a>com.citi.cards.acquisition.model.vo.CreditsAndLiabilitiesReferenceDetailsVO
		</class-a>
		<class-b>com.citi.cards.acquisition.model.entities.common.mx.application.v3_2_mx_10.CreditsAndLiabilitiesReferenceDetails
		</class-b>
	</mapping>

	<mapping>
		<class-a>com.citi.cards.acquisition.model.vo.CustomerIDDetailsVO</class-a>
		<class-b>com.citi.cards.acquisition.model.entities.common.mx.application.v3_2_mx_10.CustomerIDDetails
		</class-b>
		
		<field>
			<a is-accessible="true">idType</a>
			<b is-accessible="true">idType</b>
		</field>
		<field>
			<a is-accessible="true">idNumber</a>
			<b is-accessible="true">idNumber</b>
		</field>
	</mapping>

	<mapping>
		<class-a>com.citi.cards.acquisition.model.vo.CustomerNoItemVO</class-a>
		<class-b>com.citi.cards.acquisition.model.entities.common.mx.application.v3_2_mx_10.CustomerNoItem
		</class-b>
	</mapping>

	<mapping>
		<class-a>com.citi.cards.acquisition.model.vo.CustomerNosVO</class-a>
		<class-b>com.citi.cards.acquisition.model.entities.common.mx.application.v3_2_mx_10.CustomerNos
		</class-b>
	</mapping>

	<mapping>
		<class-a>com.citi.cards.acquisition.model.vo.EmploymentVO</class-a>
		<class-b>com.citi.cards.acquisition.model.entities.common.mx.application.v3_2_mx_10.Employment
		</class-b>
	</mapping>

	<mapping>
		<class-a>com.citi.cards.acquisition.model.vo.IncomeVO</class-a>
		<class-b>com.citi.cards.acquisition.model.entities.common.mx.application.v3_2_mx_10.Income
		</class-b>
		<field>
			<a>verifiedMonthlyIncome</a>
			<b is-accessible="true">verifiedMonthlyIncome</b>
			<a-hint>java.lang.Double</a-hint>
			<b-hint>java.lang.Double</b-hint>
		</field>
	</mapping>

	<mapping>
		<class-a>com.citi.cards.acquisition.model.vo.OfferVO</class-a>
		<class-b>com.citi.cards.acquisition.model.entities.common.mx.application.v3_2_mx_10.Offer
		</class-b>
	</mapping>

	<mapping>
		<class-a>com.citi.cards.acquisition.model.vo.PersonalReferenceVO</class-a>
		<class-b>com.citi.cards.acquisition.model.entities.common.mx.application.v3_2_mx_10.PersonalReference
		</class-b>
	</mapping>

	<mapping>
		<class-a>com.citi.cards.acquisition.model.vo.PhoneVO</class-a>
		<class-b>com.citi.cards.acquisition.model.shared.datatypes.v3_1_0_0.Phone
		</class-b>
	</mapping>

	<mapping>
		<class-a>com.citi.cards.acquisition.model.vo.ProductVO</class-a>
		<class-b>com.citi.cards.acquisition.model.entities.common.mx.application.v3_2_mx_10.Product
		</class-b>
		<field>
			<a>maxAuthorizedAmount</a>
			<b is-accessible="true">maxAuthorizedAmount</b>
			<a-hint>java.lang.Double</a-hint>
			<b-hint>java.lang.Double</b-hint>
		</field>
	</mapping>

	<mapping>
		<class-a>com.citi.cards.acquisition.model.vo.StructuredNameVO</class-a>
		<class-b>com.citi.cards.acquisition.model.shared.datatypes.v3_1_0_0.StructuredName
		</class-b>
	</mapping>

	<mapping>
		<class-a>com.citi.cards.acquisition.model.vo.CardApplicationAddRqVO</class-a>
		<class-b>com.citi.cards.acquisition.model.services.common.mx.application.v3_2_mx_15.CardApplicationAddRq
		</class-b>

		<field>
			<a>applicant</a>
			<b is-accessible="true">applicant</b>
			<a-hint>com.citi.cards.acquisition.model.vo.ApplicantVO</a-hint>
			<b-hint>com.citi.cards.acquisition.model.entities.common.mx.application.v3_2_mx_10.Applicant</b-hint>
		</field>
	</mapping>

</mappings>